-- Generated by scripts/supabase/export-seed.mjs.
-- Source: prod (vrorouyfpacxpxkcsleq) at 2026-06-06T03:30:28.420Z.
-- Auth users are intentionally excluded; run npm run db:auth:ensure:local after db reset.

BEGIN;

TRUNCATE TABLE
  public.race_participations,
  public.results,
  public.placements,
  public.leg_definitions,
  public.runners
RESTART IDENTITY CASCADE;

INSERT INTO public.runners (email, name) VALUES
  (NULL, 'Abdul'),
  (NULL, 'Amber'),
  (NULL, 'Annie Strugatsky'),
  (NULL, 'Chris Badolato'),
  (NULL, 'Damien'),
  (NULL, 'Elias Denny'),
  ('gabe@xtreme-falcons.com', 'Gabe Pannell'),
  (NULL, 'Hayes'),
  (NULL, 'Jonah Nakagawa'),
  (NULL, 'Lisa Brooks'),
  (NULL, 'Morgen Harvey'),
  (NULL, 'Multiple Runners'),
  ('nick@xtreme-falcons.com', 'Nick Searle'),
  ('nikita@xtreme-falcons.com', 'Nikita Gamolsky'),
  (NULL, 'Oliver'),
  (NULL, 'Pamela H.'),
  ('peter@xtreme-falcons.com', 'Peter Lubbers'),
  (NULL, 'Ricky Mendoza'),
  ('rocky@xtreme-falcons.com', 'Rocky Lubbers'),
  ('sean@xtreme-falcons.com', 'Sean Lubbers'),
  ('ssearle@xtreme-falcons.com', 'Sean Searle'),
  (NULL, 'Troy'),
  (NULL, 'Turi'),
  (NULL, 'Vasan'),
  (NULL, 'Will Thrill Hill');

INSERT INTO public.leg_definitions (number, version, distance, elevation_gain) VALUES
  (1, 1, 9.6, NULL),
  (1, 2, 9.05, 528),
  (2, 1, 8.2, NULL),
  (2, 2, 13.1, 1234),
  (3, 1, 10.3, NULL),
  (3, 2, 9.6, 510),
  (4, 1, 12.3, NULL),
  (4, 2, 9.5, 552),
  (5, 1, 10.6, NULL),
  (5, 2, 10.7, 527),
  (6, 1, 10.5, NULL),
  (6, 2, 8.65, 1268),
  (7, 1, 10.5, NULL),
  (7, 2, 11.02, 244);

INSERT INTO public.placements (year, division, division_place, division_teams, overall_place, overall_teams, bib, notes) VALUES
  (2008, 'Men''s Open', 21, 24, 79, 112, 52, NULL),
  (2009, 'Men''s Open', 18, 23, 62, 116, 22, NULL),
  (2011, 'Men''s Open', 19, 19, 97, 119, 30, NULL),
  (2012, 'Men''s Open', 19, 20, 99, 119, 15, NULL),
  (2013, 'Men''s Open', 15, 17, 103, 120, 41, NULL),
  (2014, 'Mixed Open', 11, 11, 105, 122, 98, NULL),
  (2015, 'Men''s Open', 13, 13, 83, 89, 22, NULL),
  (2016, 'Men''s Open', 7, 8, 54, 62, 18, NULL),
  (2017, 'Men''s Open', 8, 9, 47, 63, 3, NULL),
  (2018, 'Men''s Open', 8, 9, 56, 66, 7, NULL),
  (2019, 'Men''s Open', 10, 10, 57, 70, 2, NULL),
  (2022, 'Mixed Open', 6, 12, 19, 26, 24, NULL),
  (2023, 'Mixed Open', 8, 17, 20, 41, 29, NULL),
  (2024, 'Mixed Open', 10, 19, 29, 43, 16, NULL),
  (2025, 'Mixed Open', 20, 28, 37, 54, 37, NULL);

INSERT INTO public.results (year, leg_number, leg_version, user_id, lap_time, notes) VALUES
  (2008, 1, 1, (SELECT id FROM public.runners WHERE name = 'Hayes'), INTERVAL '01:21:28', NULL),
  (2008, 2, 1, (SELECT id FROM public.runners WHERE name = 'Peter Lubbers'), INTERVAL '01:02:59', NULL),
  (2008, 3, 1, (SELECT id FROM public.runners WHERE name = 'Rocky Lubbers'), INTERVAL '02:10:24', NULL),
  (2008, 4, 1, (SELECT id FROM public.runners WHERE name = 'Turi'), INTERVAL '01:38:33', NULL),
  (2008, 5, 1, (SELECT id FROM public.runners WHERE name = 'Sean Lubbers'), INTERVAL '02:09:58', NULL),
  (2008, 6, 1, (SELECT id FROM public.runners WHERE name = 'Chris Badolato'), INTERVAL '01:13:09', NULL),
  (2008, 7, 1, (SELECT id FROM public.runners WHERE name = 'Amber'), INTERVAL '01:48:37', NULL),
  (2009, 1, 1, (SELECT id FROM public.runners WHERE name = 'Sean Lubbers'), INTERVAL '01:42:00', NULL),
  (2009, 2, 1, (SELECT id FROM public.runners WHERE name = 'Chris Badolato'), INTERVAL '00:55:00', NULL),
  (2009, 3, 1, (SELECT id FROM public.runners WHERE name = 'Rocky Lubbers'), INTERVAL '02:28:00', NULL),
  (2009, 4, 1, (SELECT id FROM public.runners WHERE name = 'Peter Lubbers'), INTERVAL '01:30:00', NULL),
  (2009, 5, 1, (SELECT id FROM public.runners WHERE name = 'Turi'), INTERVAL '01:23:00', NULL),
  (2009, 6, 1, (SELECT id FROM public.runners WHERE name = 'Peter Lubbers'), INTERVAL '01:28:00', NULL),
  (2009, 7, 1, (SELECT id FROM public.runners WHERE name = 'Hayes'), INTERVAL '01:26:00', NULL),
  (2011, 1, 1, (SELECT id FROM public.runners WHERE name = 'Oliver'), INTERVAL '02:11:33', NULL),
  (2011, 2, 1, (SELECT id FROM public.runners WHERE name = 'Sean Lubbers'), INTERVAL '01:25:43', NULL),
  (2011, 3, 1, (SELECT id FROM public.runners WHERE name = 'Rocky Lubbers'), INTERVAL '01:57:49', NULL),
  (2011, 4, 1, (SELECT id FROM public.runners WHERE name = 'Peter Lubbers'), INTERVAL '01:26:03', NULL),
  (2011, 5, 1, (SELECT id FROM public.runners WHERE name = 'Hayes'), INTERVAL '01:35:12', NULL),
  (2011, 6, 1, (SELECT id FROM public.runners WHERE name = 'Sean Searle'), INTERVAL '01:59:09', NULL),
  (2011, 7, 1, (SELECT id FROM public.runners WHERE name = 'Troy'), INTERVAL '01:29:58', NULL),
  (2012, 1, 1, (SELECT id FROM public.runners WHERE name = 'Ricky Mendoza'), INTERVAL '01:30:16', NULL),
  (2012, 2, 1, (SELECT id FROM public.runners WHERE name = 'Sean Lubbers'), INTERVAL '01:25:22', NULL),
  (2012, 3, 1, (SELECT id FROM public.runners WHERE name = 'Lisa Brooks'), INTERVAL '01:59:48', NULL),
  (2012, 4, 1, (SELECT id FROM public.runners WHERE name = 'Peter Lubbers'), INTERVAL '02:06:17', NULL),
  (2012, 5, 1, (SELECT id FROM public.runners WHERE name = 'Rocky Lubbers'), INTERVAL '02:03:25', NULL),
  (2012, 6, 1, (SELECT id FROM public.runners WHERE name = 'Nick Searle'), INTERVAL '01:30:48', NULL),
  (2012, 7, 1, (SELECT id FROM public.runners WHERE name = 'Sean Searle'), INTERVAL '01:24:09', NULL),
  (2013, 1, 1, (SELECT id FROM public.runners WHERE name = 'Rocky Lubbers'), INTERVAL '01:48:13', NULL),
  (2013, 2, 1, (SELECT id FROM public.runners WHERE name = 'Peter Lubbers'), INTERVAL '01:34:25', NULL),
  (2013, 3, 1, (SELECT id FROM public.runners WHERE name = 'Pamela H.'), INTERVAL '01:51:18', NULL),
  (2013, 4, 1, (SELECT id FROM public.runners WHERE name = 'Damien'), INTERVAL '01:45:53', NULL),
  (2013, 5, 1, (SELECT id FROM public.runners WHERE name = 'Oliver'), INTERVAL '01:52:47', NULL),
  (2013, 6, 1, (SELECT id FROM public.runners WHERE name = 'Turi'), INTERVAL '02:05:46', NULL),
  (2013, 7, 1, (SELECT id FROM public.runners WHERE name = 'Sean Lubbers'), INTERVAL '01:32:27', NULL),
  (2014, 1, 1, (SELECT id FROM public.runners WHERE name = 'Will Thrill Hill'), INTERVAL '01:41:59', NULL),
  (2014, 2, 1, (SELECT id FROM public.runners WHERE name = 'Sean Lubbers'), INTERVAL '01:13:10', NULL),
  (2014, 3, 1, (SELECT id FROM public.runners WHERE name = 'Rocky Lubbers'), INTERVAL '01:41:46', NULL),
  (2014, 4, 1, (SELECT id FROM public.runners WHERE name = 'Peter Lubbers'), INTERVAL '02:01:46', NULL),
  (2014, 5, 1, (SELECT id FROM public.runners WHERE name = 'Elias Denny'), INTERVAL '01:49:14', NULL),
  (2014, 6, 1, (SELECT id FROM public.runners WHERE name = 'Abdul'), INTERVAL '01:46:11', NULL),
  (2014, 7, 1, (SELECT id FROM public.runners WHERE name = 'Oliver'), INTERVAL '01:57:53', NULL),
  (2015, 1, 1, (SELECT id FROM public.runners WHERE name = 'Gabe Pannell'), INTERVAL '01:53:09', NULL),
  (2015, 2, 1, (SELECT id FROM public.runners WHERE name = 'Peter Lubbers'), INTERVAL '01:07:38', NULL),
  (2015, 3, 1, (SELECT id FROM public.runners WHERE name = 'Sean Lubbers'), INTERVAL '01:45:52', NULL),
  (2015, 4, 1, (SELECT id FROM public.runners WHERE name = 'Turi'), INTERVAL '01:54:06', NULL),
  (2015, 5, 1, (SELECT id FROM public.runners WHERE name = 'Rocky Lubbers'), INTERVAL '02:15:10', NULL),
  (2015, 6, 1, (SELECT id FROM public.runners WHERE name = 'Elias Denny'), INTERVAL '02:11:07', NULL),
  (2015, 7, 1, (SELECT id FROM public.runners WHERE name = 'Jonah Nakagawa'), INTERVAL '01:34:34', NULL),
  (2016, 1, 1, (SELECT id FROM public.runners WHERE name = 'Rocky Lubbers'), INTERVAL '01:48:38', NULL),
  (2016, 2, 1, (SELECT id FROM public.runners WHERE name = 'Sean Lubbers'), INTERVAL '01:24:32', NULL),
  (2016, 3, 1, (SELECT id FROM public.runners WHERE name = 'Peter Lubbers'), INTERVAL '01:28:24', NULL),
  (2016, 4, 1, (SELECT id FROM public.runners WHERE name = 'Nick Searle'), INTERVAL '01:58:59', NULL),
  (2016, 5, 1, (SELECT id FROM public.runners WHERE name = 'Turi'), INTERVAL '01:42:56', NULL),
  (2016, 6, 1, (SELECT id FROM public.runners WHERE name = 'Hayes'), INTERVAL '01:47:14', NULL),
  (2016, 7, 1, (SELECT id FROM public.runners WHERE name = 'Sean Searle'), INTERVAL '01:57:31', NULL),
  (2017, 1, 2, (SELECT id FROM public.runners WHERE name = 'Sean Lubbers'), INTERVAL '01:19:59', NULL),
  (2017, 2, 2, (SELECT id FROM public.runners WHERE name = 'Peter Lubbers'), INTERVAL '02:11:05', NULL),
  (2017, 3, 2, (SELECT id FROM public.runners WHERE name = 'Rocky Lubbers'), INTERVAL '01:33:07', NULL),
  (2017, 4, 2, (SELECT id FROM public.runners WHERE name = 'Lisa Brooks'), INTERVAL '01:40:02', NULL),
  (2017, 5, 2, (SELECT id FROM public.runners WHERE name = 'Nikita Gamolsky'), INTERVAL '01:39:37', NULL),
  (2017, 6, 2, (SELECT id FROM public.runners WHERE name = 'Sean Searle'), INTERVAL '01:24:54', NULL),
  (2017, 7, 2, (SELECT id FROM public.runners WHERE name = 'Nick Searle'), INTERVAL '01:32:51', NULL),
  (2018, 1, 2, (SELECT id FROM public.runners WHERE name = 'Rocky Lubbers'), INTERVAL '01:27:24', NULL),
  (2018, 2, 2, (SELECT id FROM public.runners WHERE name = 'Sean Lubbers'), INTERVAL '02:16:55', NULL),
  (2018, 3, 2, (SELECT id FROM public.runners WHERE name = 'Gabe Pannell'), INTERVAL '01:27:14', NULL),
  (2018, 4, 2, (SELECT id FROM public.runners WHERE name = 'Elias Denny'), INTERVAL '01:38:05', NULL),
  (2018, 5, 2, (SELECT id FROM public.runners WHERE name = 'Nick Searle'), INTERVAL '01:36:03', NULL),
  (2018, 6, 2, (SELECT id FROM public.runners WHERE name = 'Nikita Gamolsky'), INTERVAL '01:24:05', NULL),
  (2018, 7, 2, (SELECT id FROM public.runners WHERE name = 'Peter Lubbers'), INTERVAL '01:42:14', NULL),
  (2019, 1, 2, (SELECT id FROM public.runners WHERE name = 'Gabe Pannell'), INTERVAL '01:22:58', NULL),
  (2019, 2, 2, (SELECT id FROM public.runners WHERE name = 'Peter Lubbers'), INTERVAL '02:26:39', NULL),
  (2019, 3, 2, (SELECT id FROM public.runners WHERE name = 'Rocky Lubbers'), INTERVAL '01:35:03', NULL),
  (2019, 4, 2, (SELECT id FROM public.runners WHERE name = 'Nikita Gamolsky'), INTERVAL '01:40:13', NULL),
  (2019, 5, 2, (SELECT id FROM public.runners WHERE name = 'Sean Lubbers'), INTERVAL '01:26:44', NULL),
  (2019, 6, 2, (SELECT id FROM public.runners WHERE name = 'Nick Searle'), INTERVAL '01:26:45', NULL),
  (2019, 7, 2, (SELECT id FROM public.runners WHERE name = 'Elias Denny'), INTERVAL '02:04:04', NULL),
  (2022, 1, 2, (SELECT id FROM public.runners WHERE name = 'Gabe Pannell'), INTERVAL '01:23:43', NULL),
  (2022, 2, 2, (SELECT id FROM public.runners WHERE name = 'Sean Lubbers'), INTERVAL '02:03:21', NULL),
  (2022, 3, 2, (SELECT id FROM public.runners WHERE name = 'Rocky Lubbers'), INTERVAL '01:40:33', NULL),
  (2022, 4, 2, (SELECT id FROM public.runners WHERE name = 'Nick Searle'), INTERVAL '01:22:05', NULL),
  (2022, 5, 2, (SELECT id FROM public.runners WHERE name = 'Nikita Gamolsky'), INTERVAL '01:53:47', NULL),
  (2022, 6, 2, (SELECT id FROM public.runners WHERE name = 'Morgen Harvey'), INTERVAL '01:35:15', NULL),
  (2022, 7, 2, (SELECT id FROM public.runners WHERE name = 'Peter Lubbers'), INTERVAL '01:31:35', NULL),
  (2023, 1, 2, (SELECT id FROM public.runners WHERE name = 'Nikita Gamolsky'), INTERVAL '01:22:48', NULL),
  (2023, 2, 2, (SELECT id FROM public.runners WHERE name = 'Peter Lubbers'), INTERVAL '01:41:47', NULL),
  (2023, 3, 2, (SELECT id FROM public.runners WHERE name = 'Nick Searle'), INTERVAL '01:34:42', NULL),
  (2023, 4, 2, (SELECT id FROM public.runners WHERE name = 'Rocky Lubbers'), INTERVAL '01:45:49', NULL),
  (2023, 5, 2, (SELECT id FROM public.runners WHERE name = 'Gabe Pannell'), INTERVAL '01:34:41', NULL),
  (2023, 6, 2, (SELECT id FROM public.runners WHERE name = 'Multiple Runners'), INTERVAL '01:22:13', NULL),
  (2023, 7, 2, (SELECT id FROM public.runners WHERE name = 'Sean Lubbers'), INTERVAL '01:22:40', NULL),
  (2024, 1, 2, (SELECT id FROM public.runners WHERE name = 'Annie Strugatsky'), INTERVAL '01:35:05', NULL),
  (2024, 2, 2, (SELECT id FROM public.runners WHERE name = 'Sean Lubbers'), INTERVAL '01:59:15', NULL),
  (2024, 3, 2, (SELECT id FROM public.runners WHERE name = 'Nick Searle'), INTERVAL '01:27:03', NULL),
  (2024, 4, 2, (SELECT id FROM public.runners WHERE name = 'Lisa Brooks'), INTERVAL '01:32:37', NULL),
  (2024, 5, 2, (SELECT id FROM public.runners WHERE name = 'Sean Searle'), INTERVAL '01:47:20', NULL),
  (2024, 6, 2, (SELECT id FROM public.runners WHERE name = 'Multiple Runners'), INTERVAL '01:27:42', NULL),
  (2024, 7, 2, (SELECT id FROM public.runners WHERE name = 'Peter Lubbers'), INTERVAL '01:39:44', NULL),
  (2025, 1, 2, (SELECT id FROM public.runners WHERE name = 'Peter Lubbers'), INTERVAL '01:26:38', NULL),
  (2025, 2, 2, (SELECT id FROM public.runners WHERE name = 'Multiple Runners'), INTERVAL '02:17:15', NULL),
  (2025, 3, 2, (SELECT id FROM public.runners WHERE name = 'Sean Lubbers'), INTERVAL '01:38:38', NULL),
  (2025, 4, 2, (SELECT id FROM public.runners WHERE name = 'Gabe Pannell'), INTERVAL '01:38:37', NULL),
  (2025, 5, 2, (SELECT id FROM public.runners WHERE name = 'Lisa Brooks'), INTERVAL '01:57:21', NULL),
  (2025, 6, 2, (SELECT id FROM public.runners WHERE name = 'Nick Searle'), INTERVAL '01:25:24', NULL),
  (2025, 7, 2, (SELECT id FROM public.runners WHERE name = 'Nikita Gamolsky'), INTERVAL '01:29:48', NULL);

INSERT INTO public.race_participations (year, runner_id, status, notes)
SELECT seed.year, runners.id, seed.status, seed.notes
FROM (VALUES
  (2008, 'Amber', 'confirmed', NULL),
  (2008, 'Chris Badolato', 'confirmed', NULL),
  (2008, 'Hayes', 'confirmed', NULL),
  (2008, 'Peter Lubbers', 'confirmed', NULL),
  (2008, 'Rocky Lubbers', 'confirmed', NULL),
  (2008, 'Sean Lubbers', 'confirmed', NULL),
  (2008, 'Turi', 'confirmed', NULL),
  (2009, 'Chris Badolato', 'confirmed', NULL),
  (2009, 'Hayes', 'confirmed', NULL),
  (2009, 'Peter Lubbers', 'confirmed', NULL),
  (2009, 'Rocky Lubbers', 'confirmed', NULL),
  (2009, 'Sean Lubbers', 'confirmed', NULL),
  (2009, 'Turi', 'confirmed', NULL),
  (2011, 'Hayes', 'confirmed', NULL),
  (2011, 'Oliver', 'confirmed', NULL),
  (2011, 'Peter Lubbers', 'confirmed', NULL),
  (2011, 'Rocky Lubbers', 'confirmed', NULL),
  (2011, 'Sean Lubbers', 'confirmed', NULL),
  (2011, 'Sean Searle', 'confirmed', NULL),
  (2011, 'Troy', 'confirmed', NULL),
  (2012, 'Lisa Brooks', 'confirmed', NULL),
  (2012, 'Nick Searle', 'confirmed', NULL),
  (2012, 'Peter Lubbers', 'confirmed', NULL),
  (2012, 'Ricky Mendoza', 'confirmed', NULL),
  (2012, 'Rocky Lubbers', 'confirmed', NULL),
  (2012, 'Sean Lubbers', 'confirmed', NULL),
  (2012, 'Sean Searle', 'confirmed', NULL),
  (2013, 'Damien', 'confirmed', NULL),
  (2013, 'Oliver', 'confirmed', NULL),
  (2013, 'Pamela H.', 'confirmed', NULL),
  (2013, 'Peter Lubbers', 'confirmed', NULL),
  (2013, 'Rocky Lubbers', 'confirmed', NULL),
  (2013, 'Sean Lubbers', 'confirmed', NULL),
  (2013, 'Turi', 'confirmed', NULL),
  (2014, 'Abdul', 'confirmed', NULL),
  (2014, 'Elias Denny', 'confirmed', NULL),
  (2014, 'Oliver', 'confirmed', NULL),
  (2014, 'Peter Lubbers', 'confirmed', NULL),
  (2014, 'Rocky Lubbers', 'confirmed', NULL),
  (2014, 'Sean Lubbers', 'confirmed', NULL),
  (2014, 'Will Thrill Hill', 'confirmed', NULL),
  (2015, 'Elias Denny', 'confirmed', NULL),
  (2015, 'Gabe Pannell', 'confirmed', NULL),
  (2015, 'Jonah Nakagawa', 'confirmed', NULL),
  (2015, 'Peter Lubbers', 'confirmed', NULL),
  (2015, 'Rocky Lubbers', 'confirmed', NULL),
  (2015, 'Sean Lubbers', 'confirmed', NULL),
  (2015, 'Turi', 'confirmed', NULL),
  (2016, 'Hayes', 'confirmed', NULL),
  (2016, 'Nick Searle', 'confirmed', NULL),
  (2016, 'Peter Lubbers', 'confirmed', NULL),
  (2016, 'Rocky Lubbers', 'confirmed', NULL),
  (2016, 'Sean Lubbers', 'confirmed', NULL),
  (2016, 'Sean Searle', 'confirmed', NULL),
  (2016, 'Turi', 'confirmed', NULL),
  (2017, 'Lisa Brooks', 'confirmed', NULL),
  (2017, 'Nick Searle', 'confirmed', NULL),
  (2017, 'Nikita Gamolsky', 'confirmed', NULL),
  (2017, 'Peter Lubbers', 'confirmed', NULL),
  (2017, 'Rocky Lubbers', 'confirmed', NULL),
  (2017, 'Sean Lubbers', 'confirmed', NULL),
  (2017, 'Sean Searle', 'confirmed', NULL),
  (2018, 'Elias Denny', 'confirmed', NULL),
  (2018, 'Gabe Pannell', 'confirmed', NULL),
  (2018, 'Nick Searle', 'confirmed', NULL),
  (2018, 'Nikita Gamolsky', 'confirmed', NULL),
  (2018, 'Peter Lubbers', 'confirmed', NULL),
  (2018, 'Rocky Lubbers', 'confirmed', NULL),
  (2018, 'Sean Lubbers', 'confirmed', NULL),
  (2019, 'Elias Denny', 'confirmed', NULL),
  (2019, 'Gabe Pannell', 'confirmed', NULL),
  (2019, 'Nick Searle', 'confirmed', NULL),
  (2019, 'Nikita Gamolsky', 'confirmed', NULL),
  (2019, 'Peter Lubbers', 'confirmed', NULL),
  (2019, 'Rocky Lubbers', 'confirmed', NULL),
  (2019, 'Sean Lubbers', 'confirmed', NULL),
  (2022, 'Gabe Pannell', 'confirmed', NULL),
  (2022, 'Morgen Harvey', 'confirmed', NULL),
  (2022, 'Nick Searle', 'confirmed', NULL),
  (2022, 'Nikita Gamolsky', 'confirmed', NULL),
  (2022, 'Peter Lubbers', 'confirmed', NULL),
  (2022, 'Rocky Lubbers', 'confirmed', NULL),
  (2022, 'Sean Lubbers', 'confirmed', NULL),
  (2023, 'Gabe Pannell', 'confirmed', NULL),
  (2023, 'Multiple Runners', 'confirmed', NULL),
  (2023, 'Nick Searle', 'confirmed', NULL),
  (2023, 'Nikita Gamolsky', 'confirmed', NULL),
  (2023, 'Peter Lubbers', 'confirmed', NULL),
  (2023, 'Rocky Lubbers', 'confirmed', NULL),
  (2023, 'Sean Lubbers', 'confirmed', NULL),
  (2024, 'Annie Strugatsky', 'confirmed', NULL),
  (2024, 'Lisa Brooks', 'confirmed', NULL),
  (2024, 'Multiple Runners', 'confirmed', NULL),
  (2024, 'Nick Searle', 'confirmed', NULL),
  (2024, 'Peter Lubbers', 'confirmed', NULL),
  (2024, 'Sean Lubbers', 'confirmed', NULL),
  (2024, 'Sean Searle', 'confirmed', NULL),
  (2025, 'Gabe Pannell', 'confirmed', NULL),
  (2025, 'Lisa Brooks', 'confirmed', NULL),
  (2025, 'Multiple Runners', 'confirmed', NULL),
  (2025, 'Nick Searle', 'confirmed', NULL),
  (2025, 'Nikita Gamolsky', 'confirmed', NULL),
  (2025, 'Peter Lubbers', 'confirmed', NULL),
  (2025, 'Sean Lubbers', 'confirmed', NULL)
) AS seed(year, runner_name, status, notes)
JOIN public.runners ON public.runners.name = seed.runner_name
ON CONFLICT (year, runner_id) DO UPDATE
SET status = EXCLUDED.status,
    notes = EXCLUDED.notes,
    updated_at = now();

COMMIT;
